costumer_id,phone,email,registration_date
1,814-813-2654,afeldberger0@cargocollective.com,2019-01-19
2,522-500-9351,nleagas1@prweb.com,2025-03-22
3,179-994-8224,gsaben2@hhs.gov,2023-06-21
4,184-151-6371,bblincowe3@hubpages.com,2022-06-18
5,745-841-3606,korans4@webeden.co.uk,2022-10-27
6,824-685-5304,bdavana5@tinypic.com,2023-04-28
7,555-513-8156,gemanulsson6@utexas.edu,2024-06-18
8,993-530-8383,jpietruschka7@ox.ac.uk,2022-04-02
9,177-791-6173,llushey8@squidoo.com,2025-03-19
10,528-578-6824,mdorbon9@icq.com,2021-07-07
11,858-117-5040,rcoysha@phoca.cz,2024-05-09
12,696-964-8777,crayhillb@google.co.jp,2023-01-29
13,787-873-8975,bwiddowsc@nbcnews.com,2023-10-15
14,605-901-7374,aslimond@merriam-webster.com,2023-10-27
15,870-878-8846,rdummere@amazonaws.com,2023-07-23
16,410-111-4229,dhaydenf@surveymonkey.com,2019-01-21
17,473-327-0627,hcopsong@go.com,2019-06-04
18,889-231-0638,pkilleh@apache.org,2025-04-09
19,246-236-7915,flucusi@accuweather.com,2019-07-05
20,312-312-1164,alowingj@mayoclinic.com,2019-10-14
21,535-516-9242,vaxcelk@netscape.com,2019-04-15
22,505-308-0121,escoinesl@discovery.com,2024-07-07
23,646-663-2505,utrevorrowm@myspace.com,2024-11-27
24,831-750-1646,mdellenbrokern@surveymonkey.com,2022-04-03
25,375-307-4237,atwigleyo@ft.com,2020-07-17
26,473-648-4515,hreelyp@deviantart.com,2020-10-31
27,841-578-4333,mwharfeq@dailymotion.com,2023-04-07
28,535-647-3773,fschukraftr@hugedomains.com,2024-05-16
29,512-950-6887,emielniks@scribd.com,2022-09-04
30,720-100-6398,ieskriggt@nih.gov,2019-06-02
31,802-258-8378,amorrellu@shop-pro.jp,2021-04-14
32,556-789-7950,dsuttellv@foxnews.com,2022-04-05
33,963-684-4231,fstrondw@shutterfly.com,2019-12-02
34,207-920-2178,rbremenx@icio.us,2020-09-10
35,209-453-1456,areihilly@blog.com,2022-07-30
36,402-830-0256,mlabusquierez@topsy.com,2024-08-13
37,576-654-4209,hstrephan10@telegraph.co.uk,2021-10-31
38,607-762-8808,vwaters11@hud.gov,2021-11-19
39,899-603-4392,dsircombe12@addtoany.com,2019-10-15
40,323-982-1783,bvautin13@wikimedia.org,2020-09-25
41,700-438-8343,ksteet14@cdc.gov,2022-08-11
42,597-895-4159,vrubel15@wikia.com,2021-09-24
43,788-413-0959,mpettwood16@trellian.com,2023-10-24
44,282-566-7553,hmelladew17@ucoz.com,2020-06-22
45,432-554-5365,eshorland18@craigslist.org,2020-02-28
46,917-523-5454,rpepineaux19@imgur.com,2022-04-04
47,301-306-0386,blivzey1a@dailymail.co.uk,2024-01-31
48,627-795-0181,dbritcher1b@economist.com,2024-04-04
49,812-155-4739,aridwood1c@statcounter.com,2022-05-17
50,816-673-2526,sailmer1d@accuweather.com,2022-04-06
51,798-130-7109,driall1e@meetup.com,2022-12-15
52,502-381-0074,chornig1f@noaa.gov,2022-03-31
53,868-927-8310,aillingworth1g@about.me,2020-09-21
54,836-196-4063,bdufore1h@bravesites.com,2024-05-13
55,840-201-4784,gcarneck1i@oracle.com,2023-02-02
56,636-335-4490,pmorrid1j@cpanel.net,2019-02-01
57,984-975-6116,bcaine1k@goo.ne.jp,2025-04-29
58,398-415-5834,dmelly1l@businessweek.com,2022-02-01
59,651-408-3164,fbumpas1m@histats.com,2024-11-04
60,201-458-0618,rmckiernan1n@irs.gov,2019-07-19
61,315-839-6022,jmcclancy1o@time.com,2019-10-26
62,222-902-7719,sendicott1p@sbwire.com,2019-02-08
63,782-321-1075,mverling1q@yahoo.com,2019-04-26
64,426-352-3926,amollison1r@npr.org,2020-06-21
65,379-242-4182,ncorss1s@ning.com,2022-08-02
66,508-190-5379,kroycroft1t@bbc.co.uk,2021-05-08
67,751-488-5929,thensmans1u@latimes.com,2024-03-20
68,781-818-4296,hgaraghan1v@netlog.com,2022-04-22
69,502-181-1428,rworsnap1w@livejournal.com,2022-08-11
70,432-169-8675,kmcgarva1x@mysql.com,2023-04-01
71,461-657-1192,zellam1y@smugmug.com,2022-06-26
72,140-508-5847,elippett1z@squidoo.com,2020-07-13
73,966-946-8591,kambrose20@taobao.com,2020-03-03
74,886-347-2113,afriskey21@ebay.com,2022-02-21
75,779-592-5738,dfurmston22@amazon.co.uk,2023-01-01
76,869-880-0422,aperon23@gmpg.org,2024-12-30
77,701-627-2071,ephillimore24@bigcartel.com,2019-09-23
78,779-466-6003,bmiddleton25@unesco.org,2019-02-18
79,575-819-0226,sklampt26@jimdo.com,2024-08-20
80,641-256-9400,tlockitt27@statcounter.com,2020-09-03
81,851-113-1913,jesson28@rediff.com,2021-10-22
82,438-695-8317,bomeara29@yolasite.com,2023-10-23
83,569-498-2957,gmatusevich2a@booking.com,2021-10-15
84,836-464-6548,adouberday2b@state.tx.us,2021-05-12
85,763-134-8658,ogrew2c@godaddy.com,2019-01-03
86,329-855-5941,rnehl2d@theguardian.com,2022-12-01
87,449-786-8088,jlongmead2e@jugem.jp,2022-12-02
88,641-416-4193,mbalchen2f@hexun.com,2022-09-29
89,143-318-1454,aiorizzo2g@newyorker.com,2021-12-27
90,169-508-8395,bnial2h@go.com,2024-07-08
91,557-973-6466,tjimmison2i@i2i.jp,2023-08-30
92,819-110-5660,dloughlin2j@addthis.com,2020-02-10
93,483-529-3715,dflag2k@g.co,2023-03-29
94,142-969-2098,ndensumbe2l@odnoklassniki.ru,2025-04-15
95,713-530-6594,hsaill2m@epa.gov,2019-07-02
96,421-499-0114,epeile2n@google.pl,2020-07-25
97,116-828-3278,mingold2o@toplist.cz,2024-10-24
98,784-879-6092,rvogel2p@webeden.co.uk,2024-06-28
99,261-192-7854,hlecointe2q@ft.com,2025-01-09
100,714-539-5333,dstriker2r@wunderground.com,2023-08-11
101,891-492-1742,gberetta2s@i2i.jp,2020-08-25
102,447-147-9631,clattin2t@rediff.com,2019-04-10
103,415-160-2350,llevensky2u@salon.com,2022-01-16
104,522-587-2197,hcardall2v@tmall.com,2025-02-23
105,329-805-5731,brennles2w@webeden.co.uk,2024-02-29
106,328-996-5391,zosgar2x@sfgate.com,2024-02-14
107,413-261-3136,pwidmore2y@sina.com.cn,2018-12-18
108,178-470-9931,kleither2z@ebay.com,2024-01-24
109,798-962-9041,rlutsch30@usatoday.com,2022-10-03
110,555-310-6703,kpetracek31@angelfire.com,2019-06-29
111,982-370-9622,cchaikovski32@amazonaws.com,2023-01-29
112,285-160-3765,egoodband33@ehow.com,2023-11-16
113,238-417-8816,cjoret34@japanpost.jp,2020-10-05
114,354-412-3662,sdaye35@time.com,2024-02-16
115,170-552-4043,bcowe36@xinhuanet.com,2024-01-11
116,672-387-2034,someara37@hugedomains.com,2022-11-26
117,282-215-8446,jcelle38@prnewswire.com,2020-11-01
118,756-275-0248,cmurrells39@w3.org,2021-05-12
119,123-604-0901,ccranfield3a@ihg.com,2020-07-30
120,897-373-7323,mlesley3b@phoca.cz,2024-07-28
121,335-888-3888,scosans3c@microsoft.com,2022-12-24
122,249-630-9395,vwaterstone3d@ibm.com,2025-03-16
123,568-629-6101,mickovitz3e@ow.ly,2024-08-04
124,352-939-5431,rcaizley3f@mozilla.org,2021-03-01
125,697-619-8459,wmoncur3g@discuz.net,2019-01-31
126,557-709-5525,brodenhurst3h@github.com,2024-08-03
127,333-410-4476,dgiacomasso3i@nasa.gov,2023-07-22
128,553-103-0907,amcvicker3j@unicef.org,2020-05-29
129,843-149-1891,nmcindoe3k@reference.com,2024-05-13
130,674-172-2606,shakonsen3l@ovh.net,2022-02-21
131,663-836-1564,ckornalik3m@springer.com,2020-04-10
132,476-216-1990,wcastagneto3n@blogger.com,2022-05-18
133,368-593-8538,ddurbin3o@multiply.com,2024-09-28
134,759-822-0478,wvirgo3p@blogspot.com,2021-01-13
135,706-343-1852,bundrell3q@thetimes.co.uk,2019-08-26
136,586-196-6816,cdubery3r@nationalgeographic.com,2020-04-23
137,614-422-2334,bwaghorne3s@live.com,2019-06-19
138,895-335-1679,wcowup3t@bandcamp.com,2020-08-29
139,793-291-8093,thitzmann3u@behance.net,2022-05-20
140,171-957-1090,eouver3v@unc.edu,2020-12-06
141,523-786-9325,sjefferies3w@so-net.ne.jp,2024-07-26
142,353-921-0135,sskettles3x@ca.gov,2023-04-29
143,242-197-1035,jliddington3y@ed.gov,2023-11-22
144,497-415-5637,ghoonahan3z@shop-pro.jp,2022-06-16
145,501-490-7908,mbaal40@artisteer.com,2021-06-09
146,511-630-9429,iaggs41@gov.uk,2025-03-10
147,187-359-8339,blefevre42@marketwatch.com,2018-12-31
148,541-536-6867,baldam43@google.co.jp,2024-06-29
149,178-123-5697,bgoadby44@cmu.edu,2020-07-05
150,330-509-4713,pquimby45@theguardian.com,2019-11-12
151,411-880-9581,bboyington46@nhs.uk,2022-04-19
152,428-593-0526,jsilbermann47@nature.com,2019-02-09
153,826-495-2001,vfrohock48@utexas.edu,2021-06-04
154,635-459-6660,adorwood49@alexa.com,2024-07-27
155,658-936-0325,lmatushenko4a@dot.gov,2019-09-19
156,556-630-8435,ddanihel4b@icio.us,2021-03-14
157,695-539-6350,sshwalbe4c@mac.com,2021-12-08
158,730-261-5611,bshillito4d@washingtonpost.com,2020-02-16
159,224-863-6545,rbiford4e@fda.gov,2023-05-20
160,186-748-3128,caudritt4f@hugedomains.com,2025-01-31
161,806-459-7105,wwalkden4g@ehow.com,2019-03-27
162,401-224-9770,cllewelly4h@sphinn.com,2021-03-13
163,123-327-7521,callman4i@msu.edu,2023-04-03
164,730-407-6135,agammons4j@skyrock.com,2025-01-19
165,927-123-4531,jvelte4k@ox.ac.uk,2020-10-11
166,959-263-0461,kbillison4l@netvibes.com,2024-07-23
167,627-120-6953,rcheake4m@vimeo.com,2020-10-23
168,699-905-7526,iscrauniage4n@theglobeandmail.com,2019-11-27
169,622-691-5910,gbudibent4o@blogspot.com,2018-12-31
170,107-945-1216,ksandeman4p@netvibes.com,2024-09-01
171,224-787-9229,akilbride4q@1und1.de,2025-02-14
172,858-789-2904,cpoveleye4r@shinystat.com,2021-02-03
173,226-105-9769,mdennant4s@google.com,2021-09-09
174,559-135-7213,tsteljes4t@51.la,2023-01-30
175,959-776-4010,ayacobsohn4u@mysql.com,2022-06-23
176,124-252-2498,pchampken4v@psu.edu,2023-07-12
177,151-827-3286,gcornilli4w@forbes.com,2020-12-15
178,218-362-7034,akirkham4x@princeton.edu,2022-03-02
179,253-629-2015,gkingzet4y@pagesperso-orange.fr,2025-01-18
180,475-224-6169,amcwilliam4z@omniture.com,2020-05-10
181,182-265-1489,kloads50@cocolog-nifty.com,2022-07-12
182,697-600-3611,hglenton51@washington.edu,2019-11-06
183,985-717-8913,ahardman52@dedecms.com,2023-11-21
184,962-882-7876,phattoe53@sbwire.com,2025-02-14
185,229-924-7960,tbettaney54@nps.gov,2025-02-15
186,940-693-6025,aaish55@feedburner.com,2023-04-20
187,886-463-2757,nmunnion56@zdnet.com,2024-12-29
188,541-316-0821,ileask57@taobao.com,2020-07-16
189,930-376-7991,dmerill58@simplemachines.org,2023-11-27
190,176-269-2316,aellsbury59@cnn.com,2024-07-19
191,181-474-0093,lchatburn5a@dion.ne.jp,2022-07-03
192,497-101-2500,agerrad5b@google.com.au,2024-09-24
193,742-498-4761,aveall5c@webeden.co.uk,2024-10-15
194,653-915-1600,rbampford5d@si.edu,2020-10-11
195,169-584-1704,aritch5e@gizmodo.com,2021-10-12
196,891-471-0526,tclay5f@java.com,2024-09-24
197,870-629-1713,roxbrow5g@gov.uk,2021-05-02
198,812-893-7665,aeaslea5h@hp.com,2022-05-30
199,196-350-6962,beglaise5i@google.co.jp,2020-11-29
200,347-685-4575,rrugg5j@ezinearticles.com,2020-02-02
201,918-142-7390,gsimonini5k@icio.us,2024-03-27
202,304-695-2406,fcosans5l@bloglines.com,2019-07-26
203,156-283-4331,ckeaveney5m@xing.com,2022-11-12
204,166-756-3914,lpauleit5n@google.es,2018-11-26
205,728-665-5343,jgitthouse5o@studiopress.com,2023-11-30
206,448-201-7088,vmcgrorty5p@narod.ru,2023-09-03
207,376-955-0047,tmatteau5q@kickstarter.com,2023-01-08
208,818-921-7579,fcurtin5r@odnoklassniki.ru,2025-05-02
209,269-465-1782,nbretherick5s@cbslocal.com,2021-07-18
210,913-636-9990,gtraice5t@linkedin.com,2020-08-14
211,200-360-0592,psalzburger5u@mozilla.com,2021-05-23
212,957-829-3622,amcparlin5v@intel.com,2021-03-22
213,435-144-4476,rsyme5w@discuz.net,2019-12-12
214,518-954-7545,rkuna5x@ucoz.ru,2023-09-01
215,885-652-9386,tbaldrick5y@cdbaby.com,2021-12-29
216,671-626-5447,ojeans5z@princeton.edu,2023-02-07
217,971-309-4915,rmarmon60@list-manage.com,2019-05-21
218,539-744-7426,aoliffe61@dropbox.com,2022-06-18
219,448-459-4506,trolin62@skyrock.com,2021-07-07
220,526-381-2853,lgages63@twitter.com,2025-02-07
221,484-697-2462,lpolfer64@github.com,2019-06-18
222,472-963-7214,ewilletts65@ovh.net,2020-11-10
223,882-164-3439,mglashby66@cornell.edu,2024-09-06
224,622-961-0154,oharrowing67@usa.gov,2024-07-07
225,719-908-4447,dgoulborn68@123-reg.co.uk,2024-04-06
226,781-256-5865,otrahar69@dell.com,2024-12-13
227,316-498-5468,mspivey6a@army.mil,2023-05-29
228,193-508-8084,jware6b@paypal.com,2021-03-10
229,570-952-8537,jvalintine6c@archive.org,2021-12-26
230,283-939-7917,ohefforde6d@com.com,2020-08-08
231,176-878-3744,tbickardike6e@acquirethisname.com,2019-01-15
232,720-998-1108,ascotsbrook6f@statcounter.com,2024-08-13
233,491-719-4550,mtaborre6g@sun.com,2023-09-19
234,873-227-5327,abriscam6h@wufoo.com,2019-11-28
235,846-491-8709,bjerdein6i@baidu.com,2020-01-20
236,651-561-7532,agaukrodge6j@so-net.ne.jp,2023-08-07
237,447-193-1935,swonfor6k@disqus.com,2024-03-05
238,911-443-9350,qjoplin6l@pcworld.com,2019-07-19
239,363-727-4890,aspurret6m@facebook.com,2024-07-13
240,650-825-6513,lkatz6n@imageshack.us,2024-08-09
241,122-869-1017,ciacomo6o@theguardian.com,2022-05-22
242,547-837-0432,mwinwood6p@about.com,2019-06-22
243,951-609-2649,orediers6q@de.vu,2021-11-28
244,334-818-4786,dvasyushkhin6r@dmoz.org,2021-02-18
245,295-265-9045,mramirez6s@forbes.com,2021-08-13
246,186-734-6104,mclabburn6t@foxnews.com,2025-01-20
247,602-837-9792,chawton6u@miibeian.gov.cn,2021-12-25
248,484-354-8904,rcomport6v@usnews.com,2019-09-12
249,708-587-3034,sleverington6w@stanford.edu,2023-03-17
250,907-891-7142,ewelband6x@yellowbook.com,2020-01-06
251,163-221-4671,asainsberry6y@hostgator.com,2022-05-04
252,520-981-4283,djanoschek6z@biblegateway.com,2023-11-14
253,747-623-0229,njeram70@hao123.com,2020-10-22
254,753-722-8591,dvine71@who.int,2020-04-11
255,341-881-6302,asarjeant72@eepurl.com,2019-12-04
256,864-612-9639,lbyway73@hud.gov,2024-12-16
257,788-621-4600,imorcomb74@constantcontact.com,2024-09-04
258,642-567-9765,bmaken75@bbc.co.uk,2018-12-24
259,734-839-4784,sgodfray76@tmall.com,2022-04-17
260,948-848-3579,atytler77@goo.gl,2024-11-27
261,190-404-5245,gludvigsen78@imgur.com,2024-05-10
262,139-600-0188,bsabathe79@omniture.com,2020-08-30
263,819-474-5727,hmart7a@example.com,2023-10-20
264,383-199-9273,mcarlisle7b@nsw.gov.au,2020-02-15
265,306-946-1421,cmuffett7c@reuters.com,2023-04-06
266,852-775-4923,ccadany7d@canalblog.com,2024-06-20
267,900-258-1187,lhiddy7e@bloglines.com,2020-01-16
268,474-472-4023,sblackhurst7f@nps.gov,2019-05-27
269,864-125-5735,pabbets7g@yahoo.co.jp,2023-06-13
270,121-385-2585,mgeindre7h@behance.net,2023-07-28
271,493-980-6341,mricardon7i@clickbank.net,2024-06-17
272,176-816-0770,sizhak7j@usda.gov,2024-07-12
273,127-681-4081,vyanshinov7k@lycos.com,2019-12-30
274,330-266-3795,gshorte7l@tumblr.com,2022-06-09
275,243-270-1305,ewharmby7m@psu.edu,2025-03-15
276,703-613-9016,utuxill7n@ucsd.edu,2019-12-06
277,625-796-4283,scolleer7o@theatlantic.com,2024-05-03
278,577-527-0727,jternault7p@fda.gov,2019-01-13
279,897-789-5580,jvankeev7q@seattletimes.com,2024-02-23
280,422-577-5417,bprester7r@purevolume.com,2019-03-14
281,905-705-7439,lvanderson7s@friendfeed.com,2021-09-07
282,405-424-8364,jmathison7t@ezinearticles.com,2020-03-06
283,422-587-3292,groll7u@cornell.edu,2022-08-09
284,907-409-4991,bvanderbaaren7v@tumblr.com,2025-01-03
285,804-109-4338,ysnowden7w@tamu.edu,2024-08-19
286,764-716-1517,aattersoll7x@yelp.com,2019-05-08
287,458-825-3313,jlukasik7y@eventbrite.com,2023-01-08
288,222-382-4917,ggroundwator7z@arizona.edu,2024-12-19
289,636-127-9685,tfentem80@washington.edu,2022-08-14
290,568-655-4495,mwhitcombe81@soup.io,2024-04-18
291,586-344-1260,kkeirl82@nytimes.com,2020-12-11
292,312-107-6661,jcarnilian83@economist.com,2024-12-24
293,904-580-9814,ewistance84@51.la,2020-03-03
294,203-372-6922,frandles85@dot.gov,2024-10-19
295,416-115-6282,clivard86@cyberchimps.com,2023-07-07
296,799-754-0258,kjacobsen87@diigo.com,2019-11-25
297,712-367-3170,dlilleycrop88@moonfruit.com,2020-09-27
298,402-199-9540,aangeli89@virginia.edu,2022-04-27
299,940-187-4026,sfarmiloe8a@google.ca,2020-04-04
300,761-110-3702,bkelson8b@privacy.gov.au,2021-03-15
301,548-790-7214,mconyer8c@unblog.fr,2018-11-29
302,906-323-6169,njiggins8d@imageshack.us,2023-10-25
303,380-587-6960,dguilleton8e@hubpages.com,2022-08-10
304,283-366-7396,mvescovo8f@example.com,2022-06-22
305,444-241-0398,wstranger8g@domainmarket.com,2023-10-27
306,738-502-0919,zrudman8h@jimdo.com,2021-08-01
307,904-531-6302,hbernardot8i@amazon.com,2024-10-07
308,453-120-4207,gmyott8j@reddit.com,2022-12-25
309,532-246-5395,eprestage8k@blinklist.com,2024-08-18
310,292-396-5410,bbesse8l@cyberchimps.com,2025-01-16
311,321-829-9235,ijouhning8m@auda.org.au,2021-12-11
312,696-326-0983,kluxon8n@istockphoto.com,2022-02-13
313,402-490-9861,mboatwright8o@soundcloud.com,2021-06-04
314,697-649-9619,bdundon8p@t-online.de,2022-11-22
315,662-636-1067,akendrick8q@elpais.com,2019-01-13
316,813-851-1995,tchastney8r@instagram.com,2023-05-04
317,115-359-7973,kmaffulli8s@auda.org.au,2021-07-08
318,720-704-4919,tdimnage8t@google.fr,2024-05-27
319,236-694-4319,ischoltis8u@ucsd.edu,2022-10-09
320,216-352-1118,ykestle8v@skype.com,2023-12-03
321,736-502-3354,mskerrett8w@naver.com,2022-03-04
322,715-272-9207,loglevie8x@upenn.edu,2020-09-18
323,938-624-7701,obrearty8y@networksolutions.com,2023-10-08
324,340-510-0869,cpattlel8z@amazon.com,2025-01-31
325,374-658-2735,fvause90@bbb.org,2020-04-02
326,779-601-6825,hpaike91@gov.uk,2019-10-14
327,418-568-7639,gsnoddon92@devhub.com,2020-09-13
328,694-886-3414,vcornehl93@chron.com,2022-09-27
329,712-941-9444,fmoscrop94@blogs.com,2019-04-13
330,167-535-2358,ebestwerthick95@army.mil,2022-07-28
331,129-605-7449,nreckus96@google.fr,2023-09-30
332,361-717-4200,scobain97@ucoz.ru,2022-07-16
333,345-792-7884,bmaskew98@alibaba.com,2024-04-10
334,189-824-7125,mhairyes99@ameblo.jp,2024-11-20
335,850-367-9042,ahamflett9a@ihg.com,2021-07-08
336,639-468-6075,wgilhool9b@about.me,2024-03-04
337,109-105-2539,hearwaker9c@cbsnews.com,2020-07-21
338,211-893-1116,jshah9d@cisco.com,2021-04-28
339,596-754-7938,dhinzer9e@etsy.com,2024-11-10
340,304-621-3077,hbeament9f@geocities.com,2023-10-15
341,135-513-7361,egytesham9g@spotify.com,2023-08-14
342,360-114-5973,hgisborne9h@barnesandnoble.com,2023-10-26
343,299-380-0770,ajosephsen9i@mayoclinic.com,2024-09-02
344,413-964-0959,bsecretan9j@squarespace.com,2020-09-22
345,870-837-9907,cshotboulte9k@ovh.net,2020-02-07
346,760-782-7914,kmillichip9l@homestead.com,2022-07-06
347,821-186-1852,pscrowton9m@cisco.com,2023-03-02
348,561-534-8971,avinnick9n@umn.edu,2020-10-22
349,228-774-7653,lberre9o@cnet.com,2021-03-31
350,859-342-7442,mkenwright9p@yale.edu,2024-05-21
351,596-498-7249,cchiommienti9q@go.com,2024-05-23
352,628-366-5283,nblenkensop9r@mapquest.com,2022-04-03
353,506-529-5548,ddrioli9s@europa.eu,2024-08-25
354,761-780-1629,qquinell9t@jimdo.com,2019-03-20
355,331-246-2539,krichichi9u@dagondesign.com,2024-07-10
356,264-758-4459,aford9v@comsenz.com,2024-05-06
357,485-766-6811,ewoodington9w@upenn.edu,2020-10-05
358,150-176-3917,ybenedek9x@icq.com,2023-05-11
359,488-162-7286,dmackro9y@cbsnews.com,2024-08-29
360,301-442-9448,cpetroulis9z@ox.ac.uk,2020-04-20
361,874-907-8304,rzanicchia0@joomla.org,2021-08-13
362,946-644-2800,wtrooda1@prweb.com,2023-10-13
363,220-255-5839,dnelmesa2@apache.org,2020-02-07
364,498-904-8710,atomczaka3@squarespace.com,2019-04-01
365,755-395-5473,gshillabeera4@hugedomains.com,2021-08-01
366,749-521-2180,aelsya5@ucoz.com,2023-11-27
367,769-240-6230,jhurforda6@w3.org,2024-02-06
368,630-405-1461,mdawdrya7@odnoklassniki.ru,2020-05-28
369,651-711-4098,lgosselina8@ning.com,2022-10-27
370,778-533-2143,cliebmanna9@samsung.com,2022-10-23
371,371-835-2276,mmacknightaa@foxnews.com,2022-01-02
372,199-738-1895,mturbardab@google.co.jp,2024-12-10
373,731-629-9779,alunoac@msn.com,2024-08-02
374,965-125-2740,mcovottoad@biblegateway.com,2019-04-15
375,907-134-1028,mnangleae@twitter.com,2022-09-22
376,480-757-6663,bdudeneyaf@slashdot.org,2024-04-02
377,819-609-7169,vzaniniag@nih.gov,2020-12-21
378,783-472-2683,mheffordah@free.fr,2022-08-07
379,398-464-4064,jdobieai@hibu.com,2019-05-17
380,841-955-7119,jgreaterexaj@flickr.com,2021-02-14
381,825-258-6385,sdeningtonak@google.com.br,2019-07-31
382,808-592-1174,mfrobisheral@domainmarket.com,2023-01-20
383,426-281-8155,ntremaineam@pcworld.com,2020-08-12
384,737-381-0041,dabdeean@icio.us,2025-03-22
385,212-933-5951,dcaveao@com.com,2020-01-30
386,139-433-5018,cmaccafferkyap@europa.eu,2023-06-22
387,714-581-8308,bcrottyaq@alibaba.com,2020-06-10
388,678-587-9707,sbeauar@ustream.tv,2023-10-19
389,709-172-8456,lwoodyattas@lulu.com,2025-01-12
390,810-725-1906,lliffeyat@deviantart.com,2024-10-31
391,567-239-3867,alarsau@va.gov,2025-03-15
392,448-368-2907,craithmillav@reverbnation.com,2022-06-15
393,359-845-2522,ibonhomeaw@wufoo.com,2020-05-13
394,500-813-6867,ttitcomax@reference.com,2024-10-03
395,676-435-8472,eglentworthay@bloglines.com,2019-08-23
396,286-922-5892,ovasileaz@live.com,2022-03-05
397,414-899-9230,fclendennenb0@last.fm,2024-10-15
398,821-506-2620,dfeldmesserb1@deliciousdays.com,2021-08-28
399,289-258-9133,eheggb2@dagondesign.com,2020-03-04
400,883-707-4213,dkeyseb3@cisco.com,2019-03-25
