supplier_id,name,phone
1,Alphard Eskrick,732-162-9124
2,Nady Ripon,497-674-9376
3,Marcile Portwaine,901-713-9723
4,Emmalyn Denzey,572-587-0650
5,Johanna Pitbladdo,790-785-1299
6,Samson Jerdon,999-680-1160
7,Nerta Fee,846-907-9828
8,Mil Hubane,925-530-2317
9,Kelsey Santer,669-954-9586
10,Anna Overall,302-601-3503
11,Frazier Pleasaunce,688-860-3751
12,Merrel Portchmouth,886-569-7416
13,Vachel Batiste,667-843-5046
14,Benjamen Kermitt,473-654-5576
15,Nat Somerled,441-252-9483
16,Merill Leason,682-436-6402
17,Francoise Ainsby,445-480-4269
18,Alonzo Hapke,470-197-3115
19,Aime Drillingcourt,839-814-8654
20,Marcus Frye,379-131-3732
21,Ailina Vaughan,631-159-4479
22,Wilfrid Leadstone,471-728-7603
23,Jarret Emmison,883-847-9160
24,Valdemar Rutherfoord,928-285-6200
25,Breanne Donn,530-915-1876
26,Marie-jeanne Geroldo,873-201-5886
27,Dominic Cettell,496-728-0241
28,Deane Peirce,414-938-7650
29,Lu Capsey,989-602-9239
30,Chan Shrieves,264-733-2394
31,Huntlee Ugoletti,735-963-3878
32,Carroll Frobisher,238-962-7655
33,Maddy Novotna,371-671-3095
34,Sydney Yakhin,915-648-4698
35,Sileas Ashment,337-436-2457
36,Jean Brunner,811-739-8601
37,Clotilda Brattell,374-723-7256
38,Gerianna Ledram,999-801-9810
39,Bernadene Bewshea,745-903-5634
40,Ricky Bridat,279-334-4042
41,Dalston Sprade,424-400-9882
42,Gilemette Adne,565-562-9113
43,Devondra McDavitt,177-639-5364
44,Lorrie Hawkslee,191-166-7111
45,Selig Rawlinson,835-992-6962
46,Auguste Meads,537-796-9604
47,Mandie Shoorbrooke,240-648-1098
48,Kikelia Bovis,781-600-4672
49,Cornell Windus,179-682-0616
50,Johna Briscoe,268-228-3291
51,Judie Trevena,263-117-3326
52,Mahmud Beidebeke,182-734-3898
53,Ase Macconachy,415-338-9885
54,Arielle Durdy,334-358-3877
55,Teddy Prangley,189-691-1033
56,Matteo Theobald,131-988-8395
57,Thomas Kelloch,395-881-7130
58,Arnuad Morgans,354-909-8229
59,Gardie Ingyon,999-698-4615
60,Aubrey Clausson,337-647-4234
61,Dorothee Siggee,102-398-5228
62,Sibella Bleakley,604-988-3025
63,Kirbee Lawland,924-369-9667
64,Merrile Bunney,332-599-2841
65,Florenza Spivie,555-193-6151
66,Parsifal Boyne,786-840-2280
67,Tiphani Cadore,459-139-0528
68,Basile McCrorie,952-231-2870
69,Tandie Tinn,283-595-2268
70,Granny O' Borne,384-154-5627
71,Griffith Crother,997-621-1420
72,Farlie Cammish,626-535-0923
73,Kelcey Ibarra,585-207-6937
74,Hildagarde Wildman,429-249-5391
75,Sunny Hauck,923-784-5434
76,Laney Thieme,133-386-9095
77,Chaim Tann,207-748-0975
78,Timothy MacKall,435-604-5082
79,Farly Patton,373-799-3272
80,Pascal Rothschild,213-414-0402
81,Ashlin Pinsent,542-500-6100
82,Sharia Moncrieffe,746-961-1101
83,Teddy Spilsbury,792-880-3570
84,Karissa Redgrove,435-766-4351
85,Waylan Olliffe,262-461-7206
86,Car Shew,282-646-4462
87,Shea De Paoli,581-711-1783
88,Elsy Tonsley,849-514-3655
89,Jennifer Outibridge,283-493-3055
90,Reade Snawden,817-305-9039
91,Meredith Crampsy,861-914-4283
92,Irwinn Epinay,715-846-6758
93,Amos Shave,595-718-0276
94,Allard Hadenton,269-251-8674
95,Shaylyn Leadston,217-798-1028
96,Brander Hazelden,276-891-9446
97,Noreen Lettice,947-818-5993
98,Benedicta Lichfield,416-179-0499
99,Manon Beazer,550-190-0304
100,Lukas Grigorian,331-164-0506
101,Di Yoodall,187-409-3822
102,Allie Ferran,915-878-6384
103,Hugo Baudassi,940-495-9100
104,Ivonne Absolon,684-957-1624
105,Gui Lumsdale,477-535-5104
106,Robyn Catherall,642-827-0840
107,Gerry Bettley,441-105-1961
108,Afton Dinjes,922-450-9793
109,Mycah Cordner,339-587-5743
110,Ericka Steanyng,449-137-3586
111,Regen Laboune,821-917-1488
112,Ann-marie Tottle,541-423-7088
113,Jonah Baselli,478-706-4253
114,Christal Scallon,474-453-5847
115,Feodora Foch,139-862-3597
116,Mack Hamnet,950-694-2890
117,Binnie Dudden,729-405-9991
118,Margalo Castillo,742-537-8718
119,Maureen Fairholme,732-937-3034
120,Hamlen Spafford,745-901-7596
121,Brenn Gossage,307-557-6136
122,Nils Bangiard,578-531-7809
123,Moses Kamien,258-594-6590
124,Tania Schober,356-565-6880
125,Coreen Inglefield,986-469-9011
126,Adorne Larkings,336-433-4082
127,Barron Purser,575-865-6039
128,Anitra MacVagh,175-911-7951
129,Nikaniki Hext,470-646-7570
130,Lorain Cadell,153-212-5266
131,Ken Cobello,553-458-3357
132,Kaylyn Williment,957-529-0428
133,Sephira Glavis,554-311-3279
134,Myrtice Posthill,543-790-7729
135,Tann Dabner,726-623-0013
136,Bev Iverson,475-791-3267
137,Corette Chittem,194-636-7650
138,Joell Tomaselli,358-994-1159
139,Lane Honnan,525-734-6030
140,Ronda Willans,877-421-4283
141,Dulcie Donavan,768-732-6304
142,Fran Alred,222-847-7972
143,Tilly Ambroz,207-637-5978
144,Dennis Gerrans,940-342-1532
145,Kory Milazzo,977-220-4035
146,Juliana Muscroft,638-980-9051
147,Auberta Delacote,890-991-4883
148,Jamison Lickorish,615-710-4688
149,Lilia Brummell,926-902-7915
150,Guntar Cholerton,984-570-4280
151,Ingemar Borell,947-655-0852
152,Devlen Fiddy,743-304-5440
153,Rosalynd Witherow,254-796-3721
154,Borden Liddyard,784-960-3936
155,Marilin Greenmon,802-309-3808
156,Hally Bailess,665-817-4786
157,Beatrisa Spiby,438-206-6051
158,Sibilla Benettelli,100-187-2567
159,Myrah Hailwood,894-904-1266
160,Antonio Greber,263-801-6743
161,Stacee Osmon,732-590-7584
162,Barbabra Seys,469-578-6502
163,Melba Sutty,497-178-1745
164,Morie Phillps,841-826-8159
165,Marco Staneland,781-356-3671
166,Karissa MacNalley,870-973-7984
167,Renata Fipp,740-952-9816
168,Ado Goodlett,371-448-8145
169,Wainwright MacDowall,369-744-2411
170,Chelsie Tweedie,555-542-3862
171,Wilmar Dust,493-797-1932
172,Conroy Ramsell,506-409-6969
173,Lucias Cordelet,218-886-0923
174,Maximo Iacovino,910-950-3970
175,Zea Julian,113-365-1480
176,Hamid Rollingson,823-408-1632
177,Jamey Celes,380-226-0945
178,Victor Aksell,242-484-4027
179,Fae Gillyett,815-658-3370
180,Bayard Oxnam,430-107-4063
181,Elinor Mazzeo,950-466-3548
182,Powell Somerfield,864-325-5378
183,Ogdon Skene,258-217-3249
184,Camella Leming,862-800-4312
185,Diarmid Segge,903-218-7094
186,Genvieve Wooder,123-263-0465
187,Mile Maffioletti,831-189-5633
188,Dael Phidgin,776-607-3196
189,Prinz Bussetti,648-999-7692
190,Bernardina Fessier,900-379-0348
191,Hector Hiscoke,961-238-0598
192,Jessy Gouley,196-177-6768
193,Johnnie Pettitt,504-188-0747
194,Rowena Middlemass,338-437-8852
195,Meridith Surby,163-757-1215
196,Brandise Cuxson,650-544-4982
197,Becky Naughton,539-662-5777
198,Melodee Stickford,811-243-0286
199,Carmina Milthorpe,832-574-9941
200,Ginelle Skrine,702-491-1440
201,Lucinda Brasted,728-652-9114
202,Gill Killcross,862-567-1343
203,Annadiana Savaage,803-972-3393
204,Jermaine Knock,122-670-2849
205,Dee Stops,397-670-4660
206,Meredeth Stilgoe,462-409-1270
207,Drona Ickowics,117-138-3453
208,Marijn Coop,349-566-6155
209,Timmie Lujan,129-684-5042
210,Deni Fanton,749-450-5444
211,Pebrook Kewzick,924-982-9871
212,Wain Edridge,162-411-8657
213,Anthe Chatelet,667-233-3864
214,Aleda Foxhall,979-846-0230
215,Nanice Blazej,930-994-2680
216,Hill Anstis,320-597-7279
217,Gaylene Husby,668-389-7553
218,Starlin Danilewicz,936-373-4280
219,Kermie Gleave,231-260-8385
220,Lacee Slucock,802-986-3398
221,Worthington Dreher,194-559-5800
222,Theodoric Rosenbloom,418-724-8172
223,Elayne Peer,830-532-5363
224,Baillie Tasseler,706-424-9796
225,Jeanette Atkins,212-995-3168
226,Raynell Brazenor,688-778-2664
227,Alisha Skyrme,187-572-7063
228,Lissi Simkiss,749-286-1516
229,Jimmy De Witt,855-118-7052
230,Franky Paulazzi,905-362-6482
231,Winslow McCowen,566-313-2441
232,Batholomew Withrop,137-777-5791
233,Bernita Tommasetti,176-852-2920
234,Allie Luppitt,116-387-5411
235,Booth Forsyde,914-332-3671
236,Rudie Danilchenko,472-307-1157
237,Reynold Densun,529-582-7263
238,Stefania Hiddsley,647-609-5855
239,Orv Frawley,608-642-1855
240,Emelia Posner,509-363-0905
241,Sonnnie Esgate,424-234-4483
242,Cammy Lenahan,775-408-8148
243,Marla Wenman,472-707-5754
244,Elinor Chave,197-323-1229
245,Corbin Downham,317-877-0179
246,Freedman Kleszinski,627-548-8993
247,Lavinia Edmead,634-839-1637
248,Johnna Kubicki,411-577-9669
249,Nelson Brookesbie,673-588-0312
250,Ginnifer Pead,244-605-5565
251,Kasper Troillet,387-919-0169
252,Clayborne Collin,744-887-6212
253,Thornie Doughartie,497-805-2862
254,Golda Sachno,793-584-5294
255,Dominik Spata,138-669-4042
256,Rudyard Dunston,987-600-3521
257,Charmion Iamittii,414-414-1811
258,Gregorio Castaner,508-636-1454
259,Ezekiel Ogdahl,252-903-0379
260,Brennan Mounsey,347-111-4092
261,Marysa Bartoszek,112-457-9090
262,Sissie Rowat,614-925-6377
263,Tiena Gravy,549-808-0789
264,Suzanna Kield,917-544-6449
265,Erna Bazelle,735-133-4414
266,Binny Zeal,430-843-1353
267,Mano Fass,173-379-9816
268,Arda Checchetelli,821-595-1540
269,Blinni How,764-443-6687
270,Ailsun Wonfar,812-263-7982
271,Clair Mullarkey,379-283-5187
272,Robbi Durnian,928-957-8491
273,Maren Beste,403-619-0197
274,Jennifer Farris,225-437-2182
275,Amby Cossam,112-768-8841
276,Vanny Wakelam,597-933-9316
277,Ibbie Birkinshaw,954-401-1194
278,Mariska Dilworth,402-855-1869
279,Robinet Ninnotti,451-242-6124
280,Stafford Cowderoy,988-353-0186
281,Cheri Sandall,787-447-4691
282,Jessey Tatam,965-109-0974
283,Ellswerth Crennell,955-719-7260
284,Flem O'Feeney,335-246-9822
285,Janis Lukasik,427-664-3999
286,Juliette Shoute,497-702-2147
287,Sergent Sivell,759-721-2445
288,Bev Pietrowicz,750-607-9301
289,Gillie Harcourt,750-982-3163
290,Dierdre Lippiett,708-853-7052
291,Odessa Ropcke,723-144-3026
292,Emmerich Cristoforo,805-564-0411
293,Rivy Enderlein,461-752-7805
294,Tymon Godsafe,745-876-0666
295,Claire Mayhead,786-145-0354
296,Alvinia Wateridge,685-818-7997
297,Beltran Bewsy,300-669-6289
298,Gale McRobert,804-743-9609
299,Katusha Lettuce,176-602-5395
300,Waite Strowan,913-634-7307
301,Vincenty Filyakov,173-739-7350
302,Mechelle Shackle,953-126-5669
303,Bearnard Ledingham,145-255-0076
304,Davey Roycraft,586-361-3766
305,Ignaz Ross,880-314-7458
306,Elka Dabling,185-198-1589
307,Ebonee Burr,295-191-7686
308,Cleopatra Karlqvist,246-418-8455
309,Valencia Stitle,962-891-2455
310,Lee Ruddlesden,261-400-0229
311,Lazare Shrubb,478-587-3529
312,Delcine Goade,345-556-6170
313,Corenda Aksell,802-698-0264
314,Benedetta Demcik,731-875-5421
315,Michel Yukhnevich,827-154-5847
316,Eleonora Burgwin,241-416-0528
317,Rubie Lecordier,348-376-1197
318,Loree Hillen,515-529-7503
319,Cleve Cripwell,100-516-0254
320,Mattheus Tetla,546-733-1724
321,Brocky Keeble,398-456-7419
322,Euphemia Quan,312-786-6921
323,Webster Bottelstone,595-634-7482
324,Revkah Bothbie,341-478-4737
325,Kristy Wenden,778-930-3135
326,Flin Grimshaw,231-971-5742
327,Felic Trench,631-879-4113
328,Hubert Reast,200-862-1610
329,Chadwick Mullally,166-119-7627
330,Colan Balcombe,330-765-6084
331,Liesa Petracchi,698-882-7223
332,Valle Vinden,602-321-7038
333,Giacomo Diamant,187-887-5663
334,Agata Slyman,904-334-6142
335,Ronnie Simoncello,286-121-0374
336,Morly Meus,697-460-4026
337,Pooh Labeuil,886-236-8171
338,Thorndike Croom,761-603-4312
339,Raul George,837-953-5667
340,Annabela Janousek,676-707-3518
341,Irma Nary,757-301-3181
342,Tallulah Corby,758-935-6687
343,Gussi Zanetti,228-220-0609
344,Tonye Piper,244-406-4422
345,Paddy Younge,629-685-7483
346,Jarred Baulcombe,964-122-6307
347,Jacinta Brilleman,828-791-4373
348,Franklyn Ponter,430-270-7963
349,Johanna Daughtery,884-932-8839
350,Wenda Bills,749-765-5634
351,Amberly Crowter,440-904-4021
352,Hildagarde Riach,939-632-3265
353,Karna Ballard,828-770-9929
354,Corabelle Rambadt,815-383-3820
355,Lorena Freeborne,350-822-0490
356,Belia Swendell,847-325-9656
357,Bartolemo Scannell,499-443-4182
358,Nikolai Hanington,673-686-2071
359,Nicolette Brownlee,172-619-0220
360,Guthry Senn,608-751-6474
361,Sheela Haverty,817-226-1403
362,Will MacLucais,228-604-9413
363,Mariejeanne Pool,744-475-9754
364,Ronnie Kettow,874-906-5039
365,Zsazsa Loude,933-495-9175
366,Tedi Casino,291-554-2131
367,Manfred Yokelman,909-885-2087
368,Basilius Osband,458-547-1391
369,Jermayne Ketteridge,306-907-0397
370,Ferdy Egalton,694-636-4565
371,Barrie Bus,657-624-1524
372,Cullan Cumber,705-980-8225
373,Madelyn Busswell,635-677-0189
374,Casandra Lillow,835-876-0340
375,Emerson Sawyers,148-504-9508
376,Normie Nickell,662-760-0626
377,Harriette Bridden,519-487-9171
378,Odessa Espley,216-750-8288
379,Gabie Battyll,154-353-9349
380,Hugibert Ivanov,230-385-6136
381,Tally Neely,894-309-3319
382,Monte Hairyes,508-747-5126
383,Estrella Grishukhin,204-743-6822
384,Clarice Seczyk,353-392-9790
385,Adolphus Walkden,769-133-7553
386,Baudoin Attryde,294-146-7687
387,Gualterio Gason,940-177-3179
388,Herrick Bushen,158-120-6289
389,Germain Flory,593-751-4784
390,Clare Jefford,405-218-2573
391,Cathe Porcher,802-462-8025
392,Arlin Hovel,205-985-4556
393,Lora Tollow,582-136-2653
394,Karena Halwood,955-980-8586
395,Albie MacEveley,517-335-0201
396,Natalee Sterricks,378-842-4097
397,Emogene Byrde,821-245-7274
398,Dacy Kindall,964-122-3233
399,Sarajane Blasetti,957-166-9299
400,Cornie Yakebowitch,616-348-9832
